﻿<AML>
 <Item type="RelationshipType" id="48D45345C66D45FD8E7521A2B429D6AC" action="add" dependencyLevel="0">
  <auto_search>1</auto_search>
  <behavior>float</behavior>
  <classification>/*</classification>
  <copy_permissions>0</copy_permissions>
  <create_related>0</create_related>
  <hide_in_all>0</hide_in_all>
  <inc_rel_key_name>1</inc_rel_key_name>
  <inc_related_key_name>1</inc_related_key_name>
  <is_list_type>0</is_list_type>
  <label xml:lang="en">Manufacturers Parts</label>
  <name>Manufacturer Parts Tab</name>
  <new_show_related>0</new_show_related>
  <related_notnull>0</related_notnull>
  <related_option>2</related_option>
  <relationship_id keyed_name="Manufacturer Parts Tab" type="ItemType" name="Manufacturer Parts Tab">
   <Item type="ItemType" id="092FAE35D7574EA49F9942798FFE5967" action="add">
    <allow_private_permission>1</allow_private_permission>
    <auto_search>0</auto_search>
    <enforce_discovery>1</enforce_discovery>
    <hide_where_used>0</hide_where_used>
    <implementation_type>table</implementation_type>
    <instance_data>MANUFACTURER_PARTS_TAB</instance_data>
    <is_dependent>0</is_dependent>
    <is_relationship>1</is_relationship>
    <is_versionable>0</is_versionable>
    <manual_versioning>0</manual_versioning>
    <name>Manufacturer Parts Tab</name>
    <revisions keyed_name="Default" type="Revision">7FE395DD8B9F4E1090756A34B733D75E</revisions>
    <show_parameters_tab>1</show_parameters_tab>
    <unlock_on_logout>0</unlock_on_logout>
    <use_src_access>1</use_src_access>
    <Relationships>
     <Item type="ItemType Life Cycle" id="0430D4BFE4EF421DAB6C8459F11DB608" action="add">
      <related_id keyed_name="Default" type="Life Cycle Map">2F3B75E17C4E4F2D9599579A965BFA64</related_id>
      <sort_order>128</sort_order>
      <source_id keyed_name="Manufacturer Parts Tab" type="ItemType" name="Manufacturer Parts Tab">092FAE35D7574EA49F9942798FFE5967</source_id>
     </Item>
    </Relationships>
   </Item>
  </relationship_id>
  <sort_order>128</sort_order>
  <source_id keyed_name="Manufacturer" type="ItemType" name="Manufacturer">3E71E373FC2940B288760C915120AABE</source_id>
  <Relationships>
   <Item type="Relationship View" id="FE28788EBDF849F29F60F3FB86467857" action="add">
    <classification>/*</classification>
    <grid keyed_name="Manufacturer Parts" type="Grid">7C4C45CCBB054DD9BE5CEE31339A2455</grid>
    <related_id keyed_name="World" type="Identity">
     <Item type="Identity" action="get" select="id">
      <name>World</name>
     </Item>
    </related_id>
    <sort_order>128</sort_order>
    <source_id keyed_name="Manufacturer Parts Tab" type="RelationshipType">48D45345C66D45FD8E7521A2B429D6AC</source_id>
   </Item>
  </Relationships>
 </Item>
 <Item type="View" action="delete" where="source_id='092FAE35D7574EA49F9942798FFE5967'"></Item>
 <Item type="Form" action="delete" where="name='Manufacturer Parts Tab'"></Item>
</AML>