﻿<AML>
 <Item type="RelationshipType" id="97DEBD59D91D474FA71473DCE5B8BA53" action="add" dependencyLevel="0">
  <auto_search>1</auto_search>
  <behavior>float</behavior>
  <classification>/*</classification>
  <copy_permissions>0</copy_permissions>
  <create_related>0</create_related>
  <hide_in_all>0</hide_in_all>
  <inc_rel_key_name>1</inc_rel_key_name>
  <inc_related_key_name>1</inc_related_key_name>
  <is_list_type>0</is_list_type>
  <label xml:lang="en">Where Used</label>
  <name>Manufacturer Part Used For</name>
  <new_show_related>0</new_show_related>
  <related_notnull>0</related_notnull>
  <related_option>2</related_option>
  <relationship_id keyed_name="Manufacturer Part Used For" type="ItemType" name="Manufacturer Part Used For">
   <Item type="ItemType" id="2997078B23E643FB87E04622BEC1FD07" action="add">
    <allow_private_permission>1</allow_private_permission>
    <auto_search>0</auto_search>
    <enforce_discovery>1</enforce_discovery>
    <hide_where_used>0</hide_where_used>
    <implementation_type>table</implementation_type>
    <instance_data>MANUFACTURER_PART_USED_FOR</instance_data>
    <is_dependent>0</is_dependent>
    <is_relationship>1</is_relationship>
    <is_versionable>0</is_versionable>
    <manual_versioning>0</manual_versioning>
    <name>Manufacturer Part Used For</name>
    <revisions keyed_name="Default" type="Revision">7FE395DD8B9F4E1090756A34B733D75E</revisions>
    <show_parameters_tab>1</show_parameters_tab>
    <unlock_on_logout>0</unlock_on_logout>
    <use_src_access>1</use_src_access>
    <Relationships>
     <Item type="ItemType Life Cycle" id="94D04CAC3C9F436C80B833DD024E3619" action="add">
      <related_id keyed_name="Default" type="Life Cycle Map">2F3B75E17C4E4F2D9599579A965BFA64</related_id>
      <sort_order>128</sort_order>
      <source_id keyed_name="Manufacturer Part Used For" type="ItemType" name="Manufacturer Part Used For">2997078B23E643FB87E04622BEC1FD07</source_id>
     </Item>
    </Relationships>
   </Item>
  </relationship_id>
  <sort_order>384</sort_order>
  <source_id keyed_name="Manufacturer Part" type="ItemType" name="Manufacturer Part">FDE9DA6F52C642EA807287C340EE0B72</source_id>
  <Relationships>
   <Item type="Relationship View" id="E47D8C0CA9314E62BF4CDBEFBB776061" action="add">
    <classification>/*</classification>
    <grid keyed_name="Manufacturer Parts UsedFor" type="Grid">1D8C80FFD8D040C2ACC3F75D071CD8D6</grid>
    <related_id keyed_name="World" type="Identity">
     <Item type="Identity" action="get" select="id">
      <name>World</name>
     </Item>
    </related_id>
    <sort_order>128</sort_order>
    <source_id keyed_name="Manufacturer Part Used For" type="RelationshipType">97DEBD59D91D474FA71473DCE5B8BA53</source_id>
   </Item>
  </Relationships>
 </Item>
 <Item type="View" action="delete" where="source_id='2997078B23E643FB87E04622BEC1FD07'"></Item>
 <Item type="Form" action="delete" where="name='Manufacturer Part Used For'"></Item>
</AML>