﻿<AML>
 <Item type="RelationshipType" id="80392D5A4C6E44D3A2E6C86657A646BD" action="add" dependencyLevel="0">
  <auto_search>1</auto_search>
  <behavior>float</behavior>
  <classification>/*</classification>
  <copy_permissions>0</copy_permissions>
  <create_related>0</create_related>
  <hide_in_all>0</hide_in_all>
  <inc_rel_key_name>1</inc_rel_key_name>
  <inc_related_key_name>1</inc_related_key_name>
  <is_list_type>0</is_list_type>
  <label xml:lang="en">Data Sheets</label>
  <name>Manufacturer Part DataSheets</name>
  <new_show_related>0</new_show_related>
  <related_id keyed_name="File" type="ItemType" name="File">8052A558B9084D41B9F11805E464F443</related_id>
  <related_notnull>0</related_notnull>
  <related_option>2</related_option>
  <relationship_id keyed_name="Manufacturer Part DataSheets" type="ItemType" name="Manufacturer Part DataSheets">
   <Item type="ItemType" id="514B6A0EB279423392BA87190D56F682" action="add">
    <allow_private_permission>1</allow_private_permission>
    <auto_search>0</auto_search>
    <enforce_discovery>1</enforce_discovery>
    <hide_where_used>0</hide_where_used>
    <implementation_type>table</implementation_type>
    <instance_data>MANUFACTURER_PART_DATASHEETS</instance_data>
    <is_dependent>0</is_dependent>
    <is_relationship>1</is_relationship>
    <is_versionable>0</is_versionable>
    <manual_versioning>0</manual_versioning>
    <name>Manufacturer Part DataSheets</name>
    <revisions keyed_name="Default" type="Revision">7FE395DD8B9F4E1090756A34B733D75E</revisions>
    <show_parameters_tab>1</show_parameters_tab>
    <unlock_on_logout>0</unlock_on_logout>
    <use_src_access>1</use_src_access>
    <Relationships>
     <Item type="ItemType Life Cycle" id="C1F80169EB3B479AB11EE06B074FC54D" action="add">
      <related_id keyed_name="Default" type="Life Cycle Map">2F3B75E17C4E4F2D9599579A965BFA64</related_id>
      <sort_order>128</sort_order>
      <source_id keyed_name="Manufacturer Part DataSheets" type="ItemType" name="Manufacturer Part DataSheets">514B6A0EB279423392BA87190D56F682</source_id>
     </Item>
    </Relationships>
   </Item>
  </relationship_id>
  <sort_order>128</sort_order>
  <source_id keyed_name="Manufacturer Part" type="ItemType" name="Manufacturer Part">FDE9DA6F52C642EA807287C340EE0B72</source_id>
 </Item>
 <Item type="View" action="delete" where="source_id='514B6A0EB279423392BA87190D56F682'"></Item>
 <Item type="Form" action="delete" where="name='Manufacturer Part DataSheets'"></Item>
</AML>