﻿<AML>
 <Item type="Grid" id="863EB1CC0D864052AA4DC830F64E7955" action="add">
  <name>Manufacturer Used For</name>
  <query><![CDATA[<Item type='Part' action='get' select='item_number,name,state,is_current'><is_current>1</is_current><Relationships><Item type='Part AML' select='related_id' action='get'><related_id><Item type='Manufacturer Part' action='get' select='manufacturer'><manufacturer>{id}</manufacturer></Item></related_id></Item></Relationships></Item>]]></query>
  <Relationships>
   <Item type="Grid Column" id="438DCC1D699E4EBBB467E5CC1C31429C" action="add">
    <align>left</align>
    <datatype>default</datatype>
    <label>Id</label>
    <property>id</property>
    <sort_order>5</sort_order>
    <source_id keyed_name="Manufacturer Used For" type="Grid">863EB1CC0D864052AA4DC830F64E7955</source_id>
    <starts_nested_row>0</starts_nested_row>
    <visible>0</visible>
    <width>100</width>
    <xpath>AML/Item</xpath>
   </Item>
   <Item type="Grid Column" id="457262BAA5F34DC89B3861CEE292439B" action="add">
    <align>left</align>
    <datatype>default</datatype>
    <label>Description</label>
    <property>description</property>
    <sort_order>30</sort_order>
    <source_id keyed_name="Manufacturer Used For" type="Grid">863EB1CC0D864052AA4DC830F64E7955</source_id>
    <starts_nested_row>0</starts_nested_row>
    <visible>1</visible>
    <width>300</width>
    <xpath>.</xpath>
   </Item>
  
   <Item type="Grid Column" id="7476C2A54CD74B16A8BBD0154D99C055" action="add">
    <align>left</align>
    <datatype>default</datatype>
    <label>Part Number</label>
    <property>item_number</property>
    <sort_order>10</sort_order>
    <source_id keyed_name="Manufacturer Used For" type="Grid">863EB1CC0D864052AA4DC830F64E7955</source_id>
    <starts_nested_row>0</starts_nested_row>
    <visible>1</visible>
    <width>100</width>
    <xpath>.</xpath>
   </Item>
   <Item type="Grid Column" id="CF81D8D47C17427498A7F273AF7A2D95" action="add">
    <align>center</align>
    <datatype>default</datatype>
    <label>Status</label>
    <property>state</property>
    <sort_order>20</sort_order>
    <source_id keyed_name="Manufacturer Used For" type="Grid">863EB1CC0D864052AA4DC830F64E7955</source_id>
    <starts_nested_row>0</starts_nested_row>
    <visible>1</visible>
    <width>90</width>
    <xpath>.</xpath>
   </Item></Relationships>
 </Item>
</AML>