﻿<AML>
 <Item type="Grid" id="8E5D4E19CBCC4D67B9BD9CE2C367B406" action="add">
  <name>Manufacturer Parts Vendors</name>
  <query><![CDATA[<Item type='Vendor' action='get' select='id,name,main_phone,contact_name'><Relationships><Item type='Vendor Part' select='catalog_number,related_id' action='get'><related_id>{id}</related_id></Item></Relationships></Item>]]></query>
  <Relationships>
   <Item type="Grid Column" id="4EB6AD0D252E4882B96A260E07727D3D" action="add">
    <align>left</align>
    <datatype>default</datatype>
    <label>Vendor Name</label>
    <property>name</property>
    <sort_order>10</sort_order>
    <source_id keyed_name="Manufacturer Parts Vendors" type="Grid">8E5D4E19CBCC4D67B9BD9CE2C367B406</source_id>
    <starts_nested_row>0</starts_nested_row>
    <visible>1</visible>
    <width>150</width>
    <xpath>.</xpath>
   </Item>
   <Item type="Grid Column" id="746A9A26B20E4F138D7E799050DDB1FF" action="add">
    <align>left</align>
    <datatype>default</datatype>
    <label>Phone</label>
    <property>main_phone</property>
    <sort_order>20</sort_order>
    <source_id keyed_name="Manufacturer Parts Vendors" type="Grid">8E5D4E19CBCC4D67B9BD9CE2C367B406</source_id>
    <starts_nested_row>0</starts_nested_row>
    <visible>1</visible>
    <width>90</width>
    <xpath>.</xpath>
   </Item>
   <Item type="Grid Column" id="76D296AA42554021AD40BE22DD2EE3F2" action="add">
    <align>left</align>
    <datatype>default</datatype>
    <label>Id</label>
    <property>id</property>
    <sort_order>5</sort_order>
    <source_id keyed_name="Manufacturer Parts Vendors" type="Grid">8E5D4E19CBCC4D67B9BD9CE2C367B406</source_id>
    <starts_nested_row>0</starts_nested_row>
    <visible>0</visible>
    <width>100</width>
    <xpath>AML/Item</xpath>
   </Item>
   <Item type="Grid Column" id="900AC391F17B4159A1D6158416369F6B" action="add">
    <align>left</align>
    <datatype>default</datatype>
    <label>Primary Contact</label>
    <property>contact_name</property>
    <sort_order>30</sort_order>
    <source_id keyed_name="Manufacturer Parts Vendors" type="Grid">8E5D4E19CBCC4D67B9BD9CE2C367B406</source_id>
    <starts_nested_row>0</starts_nested_row>
    <visible>1</visible>
    <width>120</width>
    <xpath>.</xpath>
   </Item>
   <Item type="Grid Column" id="BDD54F1FD51F4FE6B841404314AE2940" action="add">
    <align>left</align>
    <datatype>default</datatype>
    <label>Catalog Number</label>
    <property>catalog_number</property>
    <sort_order>40</sort_order>
    <source_id keyed_name="Manufacturer Parts Vendors" type="Grid">8E5D4E19CBCC4D67B9BD9CE2C367B406</source_id>
    <starts_nested_row>0</starts_nested_row>
    <visible>1</visible>
    <width>150</width>
    <xpath>./Relationships/Item</xpath>
   </Item>
  </Relationships>
 </Item>
</AML>