﻿<AML>
 <Item type="Grid" id="1D8C80FFD8D040C2ACC3F75D071CD8D6" action="add">
  <name>Manufacturer Parts UsedFor</name>
  <query><![CDATA[<Item type='Part' action='get' select='state,item_number,name'><Relationships><Item type='Part AML' action='get' select='related_id'><related_id>{id}</related_id></Item></Relationships></Item>]]></query>
  <Relationships>
   <Item type="Grid Column" id="38B3C6CFD2CD4374845A046F40023408" action="add">
    <align>left</align>
    <datatype>default</datatype>
    <label>Part Number</label>
    <property>item_number</property>
    <sort_order>20</sort_order>
    <source_id keyed_name="Manufacturer Parts UsedFor" type="Grid">1D8C80FFD8D040C2ACC3F75D071CD8D6</source_id>
    <starts_nested_row>0</starts_nested_row>
    <visible>1</visible>
    <width>150</width>
    <xpath>.</xpath>
   </Item>
   <Item type="Grid Column" id="3BD5A0676427455895D8B903FEB622C6" action="add">
    <align>left</align>
    <datatype>default</datatype>
    <label>Id</label>
    <property>id</property>
    <sort_order>5</sort_order>
    <source_id keyed_name="Manufacturer Parts UsedFor" type="Grid">1D8C80FFD8D040C2ACC3F75D071CD8D6</source_id>
    <starts_nested_row>0</starts_nested_row>
    <visible>0</visible>
    <width>30</width>
    <xpath>AML/Item</xpath>
   </Item>
   <Item type="Grid Column" id="56C14E6464A54F8AB5A875406F15B847" action="add">
    <align>center</align>
    <datatype>default</datatype>
    <label>Status</label>
    <property>state</property>
    <sort_order>30</sort_order>
    <source_id keyed_name="Manufacturer Parts UsedFor" type="Grid">1D8C80FFD8D040C2ACC3F75D071CD8D6</source_id>
    <starts_nested_row>0</starts_nested_row>
    <visible>1</visible>
    <width>90</width>
    <xpath>.</xpath>
   </Item>
   <Item type="Grid Column" id="B7D14E429D4C4C1EA7C7EF2D3B69B0A3" action="add">
    <align>left</align>
    <datatype>default</datatype>
    <label>Name</label>
    <property>name</property>
    <sort_order>40</sort_order>
    <source_id keyed_name="Manufacturer Parts UsedFor" type="Grid">1D8C80FFD8D040C2ACC3F75D071CD8D6</source_id>
    <starts_nested_row>0</starts_nested_row>
    <visible>1</visible>
    <width>300</width>
    <xpath>.</xpath>
   </Item>
  </Relationships>
 </Item>
</AML>