﻿<AML>
 <Item type="Grid" id="554A015824914554BC7311364B75D379" action="add">
  <name>Manufacturer Issues</name>
  <query><![CDATA[<Item type="QS Issue" action="get" select="item_number,state,description,supplier_id"><supplier_id>{id}</supplier_id></Item>]]></query>
  <Relationships>
   <Item type="Grid Column" id="2A1A1D98893B43E5854361081ADA1B86" action="add">
    <align>left</align>
    <datatype>default</datatype>
    <label>ID</label>
    <property>id</property>
    <sort_order>1</sort_order>
    <source_id keyed_name="Manufacturer Issues" type="Grid">554A015824914554BC7311364B75D379</source_id>
    <starts_nested_row>0</starts_nested_row>
    <visible>0</visible>
    <width>30</width>
    <xpath>AML/Item</xpath>
   </Item>
   <Item type="Grid Column" id="7C83CB50847245E48105A91E7922F8C5" action="add">
    <align>left</align>
    <datatype>default</datatype>
    <label>Issue Number</label>
    <property>item_number</property>
    <sort_order>20</sort_order>
    <source_id keyed_name="Manufacturer Issues" type="Grid">554A015824914554BC7311364B75D379</source_id>
    <starts_nested_row>0</starts_nested_row>
    <visible>1</visible>
    <width>100</width>
    <xpath>.</xpath>
   </Item>
   <Item type="Grid Column" id="833C51F63F464D718D3B322AE2A7B658" action="add">
    <align>left</align>
    <datatype>default</datatype>
    <label>Description</label>
    <property>description</property>
    <sort_order>40</sort_order>
    <source_id keyed_name="Manufacturer Issues" type="Grid">554A015824914554BC7311364B75D379</source_id>
    <starts_nested_row>0</starts_nested_row>
    <visible>1</visible>
    <width>600</width>
    <xpath>.</xpath>
   </Item>
  
   <Item type="Grid Column" id="BBDB4DF03C1048AA98B1C14D572E07A0" action="add">
    <align>left</align>
    <datatype>default</datatype>
    <label>Status</label>
    <property>state</property>
    <sort_order>30</sort_order>
    <source_id keyed_name="Manufacturer Issues" type="Grid">554A015824914554BC7311364B75D379</source_id>
    <starts_nested_row>0</starts_nested_row>
    <visible>1</visible>
    <width>100</width>
    <xpath>.</xpath>
   </Item></Relationships>
 </Item>
</AML>