﻿<AML>
 <Item type="Grid" id="7C4C45CCBB054DD9BE5CEE31339A2455" action="add">
  <name>Manufacturer Parts</name>
  <query><![CDATA[<Item type="Manufacturer Part" action="get" select="manufacturer,state,item_number,keyed_name,description"><manufacturer>{id}</manufacturer></Item>]]></query>
  <Relationships>
   <Item type="Grid Column" id="33B574E715C8448ABE0934761EC994DD" action="add">
    <align>left</align>
    <datatype>default</datatype>
    <label>Hidden</label>
    <property>id</property>
    <sort_order>5</sort_order>
    <source_id keyed_name="Manufacturer Parts" type="Grid">7C4C45CCBB054DD9BE5CEE31339A2455</source_id>
    <starts_nested_row>0</starts_nested_row>
    <visible>0</visible>
    <width>30</width>
    <xpath>AML/Item</xpath>
   </Item>
   <Item type="Grid Column" id="42BF172F5A5E4E9793E46CC04EA40CA7" action="add">
    <align>left</align>
    <datatype>text</datatype>
    <label>Manufacturer Part Number</label>
    <property>item_number</property>
    <select_query></select_query>
    <sort>1</sort>
    <sort_order>10</sort_order>
    <source_id keyed_name="Manufacturer Parts" type="Grid">7C4C45CCBB054DD9BE5CEE31339A2455</source_id>
    <starts_nested_row>0</starts_nested_row>
    <visible>1</visible>
    <width>200</width>
    <xpath>.</xpath>
   </Item>
   <Item type="Grid Column" id="464D446EF0CC43A2BAA85FBBB4D82F3B" action="add">
    <align>left</align>
    <datatype>default</datatype>
    <label>Manufacturer</label>
    <property>manufacturer</property>
    <sort_order>6</sort_order>
    <source_id keyed_name="Manufacturer Parts" type="Grid">7C4C45CCBB054DD9BE5CEE31339A2455</source_id>
    <starts_nested_row>0</starts_nested_row>
    <visible>0</visible>
    <width>30</width>
    <xpath>.</xpath>
   </Item>
   <Item type="Grid Column" id="A4C751A772AD45F4B81F142F4457416F" action="add">
    <align>left</align>
    <datatype>text</datatype>
    <label>Description</label>
    <property>description</property>
    <sort_order>40</sort_order>
    <source_id keyed_name="Manufacturer Parts" type="Grid">7C4C45CCBB054DD9BE5CEE31339A2455</source_id>
    <starts_nested_row>0</starts_nested_row>
    <visible>1</visible>
    <width>400</width>
    <xpath>.</xpath>
   </Item>
  
   <Item type="Grid Column" id="F33B035379B843F2BD8F2D48A679B02D" action="add">
    <align>center</align>
    <datatype>text</datatype>
    <label>Status</label>
    <property>state</property>
    <sort_order>20</sort_order>
    <source_id keyed_name="Manufacturer Parts" type="Grid">7C4C45CCBB054DD9BE5CEE31339A2455</source_id>
    <starts_nested_row>0</starts_nested_row>
    <visible>1</visible>
    <width>100</width>
    <xpath>.</xpath>
   </Item></Relationships>
 </Item>
</AML>