﻿<AML>
 <Item type="RelationshipType" id="66FE63414B26409BA06727D14A18BFE0" action="add" dependencyLevel="0">
  <auto_search>1</auto_search>
  <behavior>float</behavior>
  <copy_permissions>0</copy_permissions>
  <create_related>0</create_related>
  <hide_in_all>0</hide_in_all>
  <inc_rel_key_name>1</inc_rel_key_name>
  <inc_related_key_name>1</inc_related_key_name>
  <is_list_type>0</is_list_type>
  <label>Issues</label>
  <name>Manufacturer Issues</name>
  <new_show_related>0</new_show_related>
  <related_notnull>0</related_notnull>
  <related_option>2</related_option>
  <relationship_id keyed_name="Manufacturer Issues" type="ItemType" name="Manufacturer Issues">
   <Item type="ItemType" id="B2ABAEEB23F64C2097B369BF23778EDF" action="add">
    <allow_private_permission>1</allow_private_permission>
    <auto_search>0</auto_search>
    <default_lifecycle keyed_name="Default" type="Life Cycle Map">2F3B75E17C4E4F2D9599579A965BFA64</default_lifecycle>
    <hide_where_used>0</hide_where_used>
    <implementation_type>table</implementation_type>
    <instance_data>MANUFACTURER_ISSUES</instance_data>
    <is_dependent>0</is_dependent>
    <is_relationship>1</is_relationship>
    <is_versionable>0</is_versionable>
    <manual_versioning>0</manual_versioning>
    <name>Manufacturer Issues</name>
    <revisions keyed_name="Default" type="Revision">7FE395DD8B9F4E1090756A34B733D75E</revisions>
    <save_history>0</save_history>
    <show_parameters_tab>1</show_parameters_tab>
    <unlock_on_logout>0</unlock_on_logout>
    <use_src_access>1</use_src_access>
    </Item>
  </relationship_id>
  <sort_order>512</sort_order>
  <source_id keyed_name="Manufacturer" type="ItemType" name="Manufacturer">3E71E373FC2940B288760C915120AABE</source_id>
  <Relationships>
   <Item type="Relationship View" id="606CFB084F7A491899F2069436056E61" action="add">
    <grid keyed_name="Manufacturer Issues" type="Grid">554A015824914554BC7311364B75D379</grid>
    <related_id keyed_name="World" type="Identity">
     <Item type="Identity" action="get" select="id">
      <name>World</name>
     </Item>
    </related_id>
    <sort_order>128</sort_order>
    <source_id keyed_name="Manufacturer Issues" type="RelationshipType">66FE63414B26409BA06727D14A18BFE0</source_id>
   </Item>
  </Relationships>
 </Item>
 <Item type="View" action="delete" where="source_id='B2ABAEEB23F64C2097B369BF23778EDF'"></Item>
 <Item type="Form" action="delete" where="name='Manufacturer Issues'"></Item>
</AML>