﻿<AML>
 <Item type="RelationshipType" id="7EEAA7EC6F4549E9A9F7DE86015041B8" action="add" dependencyLevel="0">
  <auto_search>1</auto_search>
  <behavior>float</behavior>
  <copy_permissions>0</copy_permissions>
  <create_related>0</create_related>
  <hide_in_all>0</hide_in_all>
  <inc_rel_key_name>1</inc_rel_key_name>
  <inc_related_key_name>1</inc_related_key_name>
  <is_list_type>0</is_list_type>
  <label>Used For Parts</label>
  <name>Manufacturer Used For</name>
  <new_show_related>0</new_show_related>
  <related_notnull>0</related_notnull>
  <related_option>2</related_option>
  <relationship_id keyed_name="Manufacturer Used For" type="ItemType" name="Manufacturer Used For">
   <Item type="ItemType" id="427B1F3C964F47759B406BD6DFFF6022" action="add">
    <allow_private_permission>1</allow_private_permission>
    <auto_search>0</auto_search>
    <default_lifecycle keyed_name="Default" type="Life Cycle Map">2F3B75E17C4E4F2D9599579A965BFA64</default_lifecycle>
    <hide_where_used>0</hide_where_used>
    <implementation_type>table</implementation_type>
    <instance_data>MANUFACTURER_USED_FOR</instance_data>
    <is_dependent>0</is_dependent>
    <is_relationship>1</is_relationship>
    <is_versionable>0</is_versionable>
    <manual_versioning>0</manual_versioning>
    <name>Manufacturer Used For</name>
    <revisions keyed_name="Default" type="Revision">7FE395DD8B9F4E1090756A34B733D75E</revisions>
    <save_history>0</save_history>
    <show_parameters_tab>1</show_parameters_tab>
    <unlock_on_logout>0</unlock_on_logout>
    <use_src_access>1</use_src_access>
    </Item>
  </relationship_id>
  <sort_order>256</sort_order>
  <source_id keyed_name="Manufacturer" type="ItemType" name="Manufacturer">3E71E373FC2940B288760C915120AABE</source_id>
  <Relationships>
   <Item type="Relationship View" id="DD0FA9C89FA8450EB89A9B248CB1742A" action="add">
    <grid keyed_name="Manufacturer Used For" type="Grid">863EB1CC0D864052AA4DC830F64E7955</grid>
    <related_id keyed_name="World" type="Identity">
     <Item type="Identity" action="get" select="id">
      <name>World</name>
     </Item>
    </related_id>
    <sort_order>128</sort_order>
    <source_id keyed_name="Manufacturer Used For" type="RelationshipType">7EEAA7EC6F4549E9A9F7DE86015041B8</source_id>
   </Item>
  </Relationships>
 </Item>
 <Item type="View" action="delete" where="source_id='427B1F3C964F47759B406BD6DFFF6022'"></Item>
 <Item type="Form" action="delete" where="name='Manufacturer Used For'"></Item>
</AML>